source_field,destination_field,copy_action
src,source.address,rename
src_ip,source.ip,rename
src_port,source.port,rename
src_mac,source.mac,rename
src_dns,source.domain,rename
dest,destination.address,rename
dest_ip,destination.ip,rename
dest_port,destination.port,rename
dest_mac,destination.mac,rename
dest_dns,destination.domain,rename
transport,network.transport,rename
direction,network.direction,rename
bytes,network.bytes,rename
bytes_in,source.bytes,rename
bytes_out,destination.bytes,rename
packets,network.packets,rename
packets_in,source.packets,rename
packets_out,destination.packets,rename
duration,event.duration,rename
action,event.action,rename
app,network.application,rename
dvc,observer.name,rename
dvc_ip,observer.ip,rename
vendor_product,observer.product,rename
signature,rule.name,rename
signature_id,rule.id,rename
severity,event.severity,rename
user,user.name,rename
user_id,user.id,rename
src_user,source.user.name,rename
dest_user,destination.user.name,rename
http_method,http.request.method,rename
http_user_agent,user_agent.original,rename
url,url.full,rename
status,http.response.status_code,rename
